<?xml version="1.0" encoding="UTF-8" ?>
<module>
    <name>customconsole</name>
    <displayName><![CDATA[Konsola]]></displayName>
    <version><![CDATA[1.0]]></version>
    <description><![CDATA[Simple custom command console]]></description>
    <author><![CDATA[damian-pm]]></author>
    <tab><![CDATA[custom_console]]></tab>
	<confirmUninstall><![CDATA[Are you sure you want to uninstall?]]></confirmUninstall>
    <is_configurable>1</is_configurable>
    <need_instance>0</need_instance>
	<limited_countries></limited_countries>
</module>